,HALL_bike_sum,WANDERING_bike_sum,SOUTHERN_SCH,NORTHERN_SCH,DE_AREA,C_AREA,MALL_AREA,timeStamp
0,1780,460,520,358,226,105,111,2022-11-13-11-38
1,1788,459,501,306,268,139,115,2022-11-13-11-51
2,1751,462,489,277,277,150,96,2022-11-13-12-05
3,1749,460,485,265,295,146,98,2022-11-13-12-18
4,1756,454,500,313,259,134,96,2022-11-13-12-31
5,1659,259,748,433,47,60,112,2022-11-13-15-04
6,1643,253,746,417,52,56,119,2022-11-13-15-16
7,1637,255,724,405,69,84,100,2022-11-13-15-28
8,1665,282,700,371,93,112,107,2022-11-13-15-40
9,1637,297,671,358,79,119,113,2022-11-13-15-52
10,1662,290,655,348,110,146,113,2022-11-13-16-05
11,1653,330,635,300,120,154,114,2022-11-13-16-17
12,1679,332,645,277,137,167,121,2022-11-13-16-30
13,1747,330,639,301,143,227,107,2022-11-13-16-43
14,1642,308,680,224,132,170,128,2022-11-13-18-05
15,1580,250,768,232,71,127,132,2022-11-13-18-16
16,1589,245,783,294,77,84,106,2022-11-13-18-28
17,1561,235,779,303,63,73,108,2022-11-13-18-38
18,1566,218,778,307,107,51,105,2022-11-13-18-49
19,1586,218,782,342,71,70,103,2022-11-13-19-00
20,1590,237,771,351,66,57,108,2022-11-13-19-10
21,1606,229,772,337,73,88,107,2022-11-13-19-21
22,1696,242,782,339,105,123,105,2022-11-13-19-33
23,1687,270,769,339,87,118,104,2022-11-13-19-44
24,1740,307,781,335,84,130,103,2022-11-13-19-56
25,1770,337,742,333,98,157,103,2022-11-13-20-09
26,1791,406,634,296,154,198,103,2022-11-13-20-21
27,1843,478,588,274,171,224,108,2022-11-13-20-34
28,1756,529,399,234,225,260,109,2022-11-13-20-45
29,1732,581,265,243,265,267,111,2022-11-13-20-56
30,1737,586,214,234,320,274,109,2022-11-13-21-07
31,1740,582,192,241,325,293,107,2022-11-13-21-18
32,1509,421,143,225,238,277,101,2022-11-13-21-37
33,1526,399,154,228,257,285,97,2022-11-13-21-43
34,1463,398,128,221,242,267,100,2022-11-13-21-49
35,1481,404,128,235,251,267,95,2022-11-13-21-53
36,1250,253,125,222,177,282,91,2022-11-13-21-59
37,1357,263,123,234,208,331,98,2022-11-13-22-05
38,1297,257,110,206,212,321,96,2022-11-13-22-14
39,2175,549,109,208,511,380,96,2022-11-13-22-21
40,2097,610,101,211,439,357,94,2022-11-13-22-29
41,2293,648,97,221,509,402,93,2022-11-13-22-37
42,2317,651,91,219,529,412,91,2022-11-13-22-54
43,2360,646,96,222,546,435,89,2022-11-13-23-08
44,2254,652,92,211,449,434,89,2022-11-13-23-22
45,2383,653,91,211,570,441,91,2022-11-13-23-32
46,2310,643,88,211,541,438,91,2022-11-13-23-41
47,2378,647,88,211,571,442,91,2022-11-13-23-51
48,2341,640,88,211,556,435,91,2022-11-14-00-00
49,2365,648,89,210,569,433,92,2022-11-14-00-18
50,2255,221,1051,470,101,201,55,2022-11-14-07-57
51,2246,159,1288,578,20,30,49,2022-11-14-08-10
52,2319,87,1395,616,24,34,44,2022-11-14-08-21
53,2370,41,1527,614,5,24,40,2022-11-14-08-30
54,2250,53,1436,603,6,16,39,2022-11-14-08-39
55,2359,84,1516,617,4,49,39,2022-11-14-08-51
56,2325,52,1543,597,34,11,38,2022-11-14-08-59
57,2404,58,1607,604,31,12,40,2022-11-14-09-12
58,2378,49,1639,564,29,10,37,2022-11-14-09-21
59,2414,54,1662,579,64,15,33,2022-11-14-09-32
60,2366,47,1709,552,12,9,32,2022-11-14-09-41
61,2524,853,471,268,511,341,58,2022-11-14-12-26
62,2528,872,378,297,554,349,59,2022-11-14-12-44
63,2434,858,369,288,542,293,64,2022-11-14-12-53
64,2396,753,442,388,521,211,60,2022-11-14-13-08
65,2249,216,1053,643,204,67,55,2022-11-14-13-27
66,2051,161,1176,531,99,32,46,2022-11-14-15-17
67,2181,192,1199,534,121,75,50,2022-11-14-15-29
68,2258,214,1178,526,145,134,50,2022-11-14-15-38
69,2367,245,1177,525,190,169,50,2022-11-14-15-47
70,2369,265,1107,530,192,206,57,2022-11-14-15-59
71,2380,319,1034,442,223,290,61,2022-11-14-16-09
72,2240,860,396,167,352,386,63,2022-11-14-17-28
73,2222,911,353,159,373,343,67,2022-11-14-17-40
74,2215,924,364,197,340,309,69,2022-11-14-17-50
75,2136,868,400,207,307,271,72,2022-11-14-18-02
76,2096,716,619,307,211,152,78,2022-11-14-18-15
77,2061,416,979,382,107,72,98,2022-11-14-18-24
78,2155,400,1101,402,104,44,98,2022-11-14-18-33
79,2524,796,602,414,355,230,113,2022-11-14-21-00
80,2529,809,558,407,305,320,115,2022-11-14-21-09
81,2401,830,463,392,245,343,111,2022-11-14-21-29
82,2407,822,447,376,251,384,109,2022-11-14-21-37
83,2570,835,407,352,436,413,107,2022-11-14-21-47
84,2511,878,374,333,369,432,107,2022-11-14-21-57
85,2603,882,358,313,448,479,105,2022-11-14-22-08
86,2642,912,325,300,480,503,104,2022-11-14-22-17
87,2619,909,314,292,466,524,96,2022-11-14-22-26
88,2547,872,307,293,455,508,94,2022-11-14-22-34
89,2591,906,301,290,486,498,92,2022-11-14-22-44
90,2584,927,286,291,526,446,91,2022-11-14-22-55
91,2613,944,286,290,546,437,93,2022-11-14-23-05
92,2632,931,285,290,523,492,94,2022-11-14-23-16
93,2625,952,304,289,547,420,95,2022-11-14-23-25
94,2584,947,298,288,474,463,96,2022-11-14-23-35
95,2627,952,310,293,548,408,97,2022-11-14-23-45
96,2614,940,305,293,541,418,97,2022-11-14-23-54
97,2652,958,302,293,521,460,97,2022-11-15-00-04
98,2647,949,298,292,483,509,96,2022-11-15-00-14
99,2623,956,297,292,456,505,97,2022-11-15-00-23
100,2590,950,295,293,477,457,97,2022-11-15-00-32
101,2756,948,293,293,544,558,97,2022-11-15-00-38
102,2296,749,292,293,412,430,97,2022-11-15-00-40
103,2767,950,291,293,551,558,97,2022-11-15-00-47
104,2658,948,290,293,535,468,97,2022-11-15-00-49
105,2427,793,290,293,475,450,98,2022-11-15-00-57
106,2749,951,290,293,548,541,98,2022-11-15-00-57
107,2237,740,288,292,334,457,98,2022-11-15-01-04
108,2768,950,288,292,551,561,98,2022-11-15-01-06
109,2744,939,282,290,548,558,98,2022-11-15-01-14
110,2729,941,283,290,551,537,98,2022-11-15-01-16
111,2714,952,284,290,552,509,98,2022-11-15-01-23
112,2718,951,283,290,550,516,98,2022-11-15-01-26
113,2738,954,282,290,517,570,96,2022-11-15-01-33
114,2657,935,280,290,515,512,96,2022-11-15-01-36
115,2702,925,279,290,518,565,95,2022-11-15-01-42
116,2694,926,277,290,542,535,95,2022-11-15-01-45
117,2746,942,278,288,551,564,95,2022-11-15-01-52
118,2711,940,279,288,517,564,95,2022-11-15-01-55
119,2696,907,279,288,550,549,96,2022-11-15-02-01
120,2732,944,279,288,551,547,96,2022-11-15-02-04
121,2689,945,280,288,550,505,96,2022-11-15-02-11
122,2618,917,280,287,495,518,96,2022-11-15-02-13
123,2759,958,280,284,550,566,97,2022-11-15-02-21
124,2711,956,280,287,543,525,97,2022-11-15-02-24
125,2723,955,280,285,522,561,97,2022-11-15-02-30
126,2727,962,280,288,519,560,97,2022-11-15-02-33
127,2538,889,280,287,456,507,97,2022-11-15-02-38
128,2728,966,280,286,527,552,97,2022-11-15-02-43
129,2766,959,280,287,552,571,97,2022-11-15-02-49
130,2726,966,282,287,521,555,97,2022-11-15-02-53
131,2697,969,282,287,549,498,96,2022-11-15-02-59
132,2767,965,282,287,548,573,96,2022-11-15-03-03
133,2692,967,282,287,514,530,96,2022-11-15-03-09
134,2741,964,283,287,524,571,96,2022-11-15-03-13
135,2765,968,283,287,547,568,96,2022-11-15-03-18
136,2660,932,284,287,514,531,96,2022-11-15-03-23
137,2754,947,284,287,550,574,96,2022-11-15-03-28
138,2708,949,283,288,520,556,96,2022-11-15-03-32
139,2766,968,284,288,546,568,96,2022-11-15-03-38
140,2759,962,284,288,550,562,96,2022-11-15-03-41
141,2761,965,284,288,546,566,96,2022-11-15-03-48
142,2684,954,284,288,523,524,96,2022-11-15-03-51
143,2758,964,283,288,551,561,96,2022-11-15-03-58
144,2781,972,283,288,554,573,96,2022-11-15-04-01
145,2760,956,284,288,552,568,96,2022-11-15-04-08
146,2777,973,284,288,550,571,95,2022-11-15-04-11
147,2756,951,284,288,552,571,94,2022-11-15-04-17
148,2439,828,284,288,443,486,94,2022-11-15-04-19
149,2760,954,284,288,555,569,94,2022-11-15-04-27
150,2744,955,284,288,545,562,94,2022-11-15-04-29
151,2758,963,285,288,553,560,94,2022-11-15-04-36
152,2759,968,285,288,554,555,94,2022-11-15-04-39
153,2430,834,285,288,397,517,94,2022-11-15-04-45
154,2655,934,285,288,522,517,94,2022-11-15-04-49
155,2697,945,285,288,553,516,94,2022-11-15-04-57
156,2681,961,285,288,523,514,94,2022-11-15-04-58
157,2523,852,285,288,493,494,95,2022-11-15-05-05
158,2762,964,285,288,555,559,95,2022-11-15-05-07
159,2759,972,285,287,552,551,95,2022-11-15-05-15
160,2730,940,286,286,555,551,95,2022-11-15-05-17
161,2744,952,285,288,555,552,95,2022-11-15-05-24
162,2729,953,285,288,537,554,95,2022-11-15-05-26
163,2727,925,286,287,557,557,95,2022-11-15-05-34
164,2717,952,285,288,535,542,95,2022-11-15-05-37
165,2485,801,286,288,461,534,95,2022-11-15-05-45
166,2744,939,286,288,557,559,95,2022-11-15-05-46
167,2770,966,286,289,553,561,95,2022-11-15-05-55
168,2770,962,286,289,556,560,96,2022-11-15-06-00
169,2739,932,286,289,556,560,96,2022-11-15-06-05
170,2744,936,287,288,555,562,96,2022-11-15-06-09
171,2782,964,287,287,556,573,95,2022-11-15-06-15
172,2776,957,287,288,554,575,95,2022-11-15-06-20
173,2720,962,287,287,551,519,94,2022-11-15-06-25
174,2679,967,286,287,551,473,95,2022-11-15-06-30
175,2723,935,286,287,541,559,95,2022-11-15-06-35
176,2636,962,284,275,553,448,94,2022-11-15-06-40
177,2595,963,287,288,551,394,92,2022-11-15-06-47
178,2719,967,288,284,549,519,92,2022-11-15-06-50
179,2646,971,288,286,549,443,89,2022-11-15-06-57
180,2650,963,289,286,543,462,88,2022-11-15-07-00
181,2543,936,291,286,504,418,88,2022-11-15-07-07
182,2430,919,293,286,443,382,87,2022-11-15-07-08
183,2229,718,326,292,386,402,86,2022-11-15-07-15
184,2280,658,571,312,270,367,85,2022-11-15-07-25
185,2544,706,652,309,296,475,85,2022-11-15-07-30
186,2687,582,951,360,215,485,79,2022-11-15-07-36
187,2602,563,1024,366,167,387,79,2022-11-15-07-40
188,2664,565,1038,380,176,412,77,2022-11-15-07-45
189,2676,565,1059,381,173,405,77,2022-11-15-07-50
190,2640,545,1080,385,159,381,74,2022-11-15-07-56
191,2506,476,1127,401,68,350,67,2022-11-15-08-09
192,2644,398,1348,476,32,315,64,2022-11-15-08-21
193,2666,382,1404,480,24,309,58,2022-11-15-08-31
194,2640,375,1392,479,23,304,58,2022-11-15-08-40
195,2724,357,1489,497,24,290,58,2022-11-15-08-50
196,2729,337,1521,504,24,281,53,2022-11-15-09-04
197,2770,343,1554,508,33,271,52,2022-11-15-09-14
198,2763,333,1560,506,35,266,54,2022-11-15-09-23
199,2800,329,1561,508,75,263,55,2022-11-15-09-33
200,2707,319,1490,505,66,261,57,2022-11-15-09-42
201,2758,300,1574,515,50,253,57,2022-11-15-09-54
202,2764,291,1603,526,41,237,59,2022-11-15-10-05
203,2818,286,1661,529,32,245,59,2022-11-15-10-15
204,2782,282,1620,532,33,248,60,2022-11-15-10-24
205,2831,286,1660,537,30,250,61,2022-11-15-10-34
206,2601,287,1449,534,31,231,62,2022-11-15-10-43
207,2858,292,1653,535,39,269,63,2022-11-15-10-53
208,2848,289,1661,529,40,255,66,2022-11-15-11-02
209,2832,299,1657,524,39,239,66,2022-11-15-11-11
210,2865,302,1645,522,45,278,65,2022-11-15-11-22
211,2861,302,1621,521,52,291,65,2022-11-15-11-32
212,2730,450,1182,442,256,329,62,2022-11-15-11-50
213,2718,565,1079,342,273,379,67,2022-11-15-12-01
214,2759,608,1020,332,304,408,72,2022-11-15-12-13
215,2738,666,838,319,403,421,73,2022-11-15-12-31
216,2447,715,749,292,208,383,84,2022-11-15-12-46
217,2712,740,785,306,434,358,75,2022-11-15-13-00
218,2529,626,873,372,295,278,72,2022-11-15-13-15
219,2559,316,1426,576,74,97,61,2022-11-15-13-28
220,2584,273,1526,611,37,72,58,2022-11-15-13-38
221,2574,245,1569,590,47,61,56,2022-11-15-13-49
222,2596,256,1603,581,46,48,56,2022-11-15-14-00
223,2591,223,1621,557,66,62,56,2022-11-15-14-09
224,2598,232,1598,565,83,59,55,2022-11-15-14-18
225,2473,222,1468,580,81,60,55,2022-11-15-14-27
226,2671,245,1641,581,70,71,56,2022-11-15-14-47
227,2670,231,1649,570,75,80,58,2022-11-15-14-58
228,2648,208,1533,580,172,91,59,2022-11-15-15-14
229,2639,163,1525,591,178,118,59,2022-11-15-15-24
230,2626,166,1503,533,222,138,58,2022-11-15-15-37
231,2651,171,1496,466,265,185,63,2022-11-15-15-48
232,2725,188,1489,454,295,228,66,2022-11-15-15-59
233,2606,192,1380,438,266,260,65,2022-11-15-16-09
234,2720,233,1431,395,304,283,69,2022-11-15-16-20
235,2768,278,1415,372,330,295,72,2022-11-15-16-33
236,2699,334,1256,315,390,324,74,2022-11-15-16-48
237,2226,561,746,142,257,421,88,2022-11-15-17-05
238,2458,655,722,127,388,465,86,2022-11-15-17-18
239,2636,737,685,122,562,419,94,2022-11-15-17-33
240,2521,744,633,133,543,351,98,2022-11-15-17-45
241,2591,747,716,135,532,346,96,2022-11-15-17-59
242,2544,684,799,178,454,314,100,2022-11-15-18-13
243,2562,522,1117,226,313,290,82,2022-11-15-18-27
244,2560,460,1221,280,240,256,97,2022-11-15-18-46
245,2590,459,1243,254,270,259,100,2022-11-15-18-56
246,2558,445,1258,272,248,227,102,2022-11-15-19-06
247,2526,428,1242,269,236,241,104,2022-11-15-19-15
248,2572,439,1235,268,257,256,110,2022-11-15-19-25
249,2571,421,1234,281,234,285,110,2022-11-15-19-36
250,2609,427,1251,290,248,276,110,2022-11-15-19-45
251,2577,449,1174,277,266,295,109,2022-11-15-19-57
252,2524,507,1073,260,240,329,109,2022-11-15-20-13
253,2438,521,933,242,244,382,110,2022-11-15-20-25
254,2548,617,816,236,339,418,114,2022-11-15-20-42
255,2115,712,450,155,268,399,114,2022-11-15-20-54
256,2446,790,399,147,524,455,114,2022-11-15-21-05
257,2573,873,383,141,645,403,109,2022-11-15-21-19
258,2618,901,294,175,687,438,108,2022-11-15-21-30
259,2686,915,256,170,728,490,109,2022-11-15-21-41
260,2671,908,230,163,743,500,106,2022-11-15-21-54
261,2654,882,211,193,712,531,100,2022-11-15-22-06
262,2649,883,192,190,725,527,105,2022-11-15-22-17
263,2629,895,192,169,713,522,109,2022-11-15-22-28
264,2637,908,178,170,698,548,107,2022-11-15-22-44
265,2681,888,169,175,746,568,107,2022-11-15-22-55
266,2325,759,162,175,679,415,106,2022-11-15-23-04
267,2711,923,164,175,751,562,107,2022-11-15-23-16
268,2717,927,158,178,752,566,107,2022-11-15-23-27
269,2637,881,134,178,734,574,108,2022-11-15-23-37
270,2065,652,134,178,497,467,109,2022-11-15-23-45
271,2696,936,135,178,731,582,109,2022-11-15-23-56
272,2717,937,132,178,753,581,110,2022-11-16-00-07
273,2762,939,162,178,754,592,109,2022-11-16-00-45
274,2766,942,164,178,755,586,110,2022-11-16-01-24
275,2737,943,164,179,730,583,108,2022-11-16-02-02
276,2647,877,170,179,725,564,106,2022-11-16-02-40
277,2756,938,162,178,751,595,104,2022-11-16-03-25
278,2760,932,167,179,753,598,105,2022-11-16-04-04
279,2769,942,164,179,753,595,109,2022-11-16-04-42
280,2756,951,162,179,736,595,109,2022-11-16-05-20
281,2711,952,166,181,679,599,109,2022-11-16-05-58
282,2602,956,169,177,700,468,105,2022-11-16-06-35
283,2773,968,172,179,764,564,99,2022-11-16-06-46
284,2613,986,180,183,701,445,92,2022-11-16-06-56
285,2721,962,198,196,672,576,91,2022-11-16-07-07
286,2245,728,314,204,389,493,91,2022-11-16-07-15
287,2654,592,873,222,378,477,90,2022-11-16-07-32
288,2695,452,1254,384,167,347,84,2022-11-16-07-46
289,2616,377,1361,460,122,218,71,2022-11-16-07-58
290,2545,218,1601,559,35,67,59,2022-11-16-08-11
291,2754,112,1839,635,32,84,46,2022-11-16-08-23
292,2763,101,1895,652,22,45,43,2022-11-16-08-33
293,2794,110,1870,656,73,40,40,2022-11-16-08-44
294,2775,100,1895,634,80,20,41,2022-11-16-08-54
295,2838,111,1940,668,56,17,41,2022-11-16-09-04
296,2844,108,1937,664,50,37,43,2022-11-16-09-14
297,2843,88,1943,671,70,25,41,2022-11-16-09-24
298,2895,106,1980,661,58,47,38,2022-11-16-09-37
299,2847,55,2010,634,51,59,34,2022-11-16-09-50
300,2654,138,1820,506,64,82,33,2022-11-16-10-01
301,2802,148,1921,564,60,70,33,2022-11-16-10-19
302,2811,182,1893,553,73,70,34,2022-11-16-10-29
303,2883,202,1884,578,93,81,39,2022-11-16-10-42
304,2758,249,1673,598,111,79,41,2022-11-16-10-52
305,2901,265,1801,571,114,98,45,2022-11-16-11-01
306,2869,289,1709,556,123,141,44,2022-11-16-11-11
307,2907,307,1705,519,124,201,45,2022-11-16-11-21
308,2839,327,1561,520,145,236,43,2022-11-16-11-31
309,2828,804,766,320,431,453,45,2022-11-16-11-50
310,2712,965,595,238,361,476,58,2022-11-16-12-01
311,2780,1014,568,226,435,453,63,2022-11-16-12-12
312,2902,1081,497,237,546,452,68,2022-11-16-12-28
313,2601,1056,387,207,424,435,64,2022-11-16-12-38
314,2754,993,455,213,587,415,64,2022-11-16-12-50
315,2691,951,491,226,572,363,63,2022-11-16-13-03
316,2638,871,566,222,575,321,58,2022-11-16-13-16
317,2354,745,638,243,368,276,61,2022-11-16-13-24
318,2659,756,770,277,538,244,57,2022-11-16-13-34
319,2455,670,806,281,381,239,60,2022-11-16-13-41
320,2687,721,840,291,518,239,60,2022-11-16-13-52
321,2707,721,857,300,511,241,62,2022-11-16-14-00
322,2691,711,859,299,503,244,60,2022-11-16-14-08
323,2659,703,850,289,498,242,61,2022-11-16-14-18
324,2683,709,861,300,488,245,63,2022-11-16-14-26
325,2713,698,857,323,503,248,67,2022-11-16-14-35
326,2729,696,883,325,488,250,67,2022-11-16-14-45
327,2714,683,872,315,496,261,66,2022-11-16-14-56
328,2682,661,822,307,542,265,64,2022-11-16-15-06
329,2704,709,819,261,564,268,65,2022-11-16-15-20
330,2620,744,749,248,525,267,70,2022-11-16-15-28
331,2750,799,737,257,585,282,73,2022-11-16-15-38
332,2832,811,721,313,590,304,75,2022-11-16-15-50
333,2802,784,693,290,613,327,77,2022-11-16-15-59
334,2911,863,680,291,623,358,79,2022-11-16-16-08
335,2919,868,666,283,634,368,83,2022-11-16-16-18
336,2892,885,661,277,617,355,81,2022-11-16-16-29
337,2971,878,675,269,647,402,84,2022-11-16-16-39
338,2928,896,669,265,598,399,86,2022-11-16-16-49
339,2453,719,665,257,309,403,86,2022-11-16-16-57
340,2986,914,687,262,599,424,86,2022-11-16-17-10
341,2868,877,704,266,495,429,83,2022-11-16-17-18
342,3063,932,696,281,632,422,84,2022-11-16-17-28
343,3045,934,697,262,635,414,86,2022-11-16-17-38
344,3042,930,712,266,617,418,82,2022-11-16-17-48
345,3015,918,723,277,581,413,85,2022-11-16-17-56
346,2789,802,781,283,416,408,83,2022-11-16-18-12
347,2928,804,842,280,507,396,83,2022-11-16-18-23
348,2995,788,909,314,498,385,88,2022-11-16-18-32
349,3009,795,902,336,499,376,88,2022-11-16-18-54
350,3011,801,896,337,485,391,88,2022-11-16-19-04
351,3032,806,887,335,513,387,91,2022-11-16-19-13
352,3001,788,872,335,515,389,90,2022-11-16-19-21
353,3004,787,865,332,527,389,92,2022-11-16-19-31
354,3006,789,863,328,530,391,92,2022-11-16-19-39
355,3003,786,857,329,534,394,90,2022-11-16-19-49
356,2762,721,856,328,365,389,89,2022-11-16-19-56
357,2987,795,826,325,551,389,88,2022-11-16-20-05
358,2990,800,803,321,572,392,88,2022-11-16-20-15
359,3017,830,781,325,576,402,89,2022-11-16-20-24
360,3050,853,768,316,608,405,88,2022-11-16-20-32
361,2969,848,743,312,554,410,89,2022-11-16-20-42
362,2928,851,646,293,616,420,89,2022-11-16-20-53
363,2989,895,593,292,668,438,89,2022-11-16-21-06
364,3019,926,579,289,668,458,84,2022-11-16-21-16
365,3010,930,564,290,668,461,82,2022-11-16-21-26
366,3029,923,550,302,682,474,82,2022-11-16-21-35
367,3054,946,519,301,712,476,84,2022-11-16-21-46
368,2696,891,489,299,439,477,85,2022-11-16-21-54
369,2935,945,477,308,634,470,86,2022-11-16-22-03
370,2691,887,461,312,429,500,86,2022-11-16-22-11
371,2914,943,447,309,609,504,86,2022-11-16-22-21
372,2916,928,445,312,620,509,86,2022-11-16-22-29
373,3032,967,435,315,738,477,84,2022-11-16-22-39
374,3064,957,426,318,747,518,81,2022-11-16-22-51
375,3050,975,423,322,738,495,80,2022-11-16-23-02
376,3079,960,422,322,751,525,83,2022-11-16-23-12
377,3101,979,420,322,754,527,83,2022-11-16-23-23
378,3099,976,415,322,760,527,83,2022-11-16-23-40
379,2521,792,413,321,369,528,82,2022-11-16-23-48
380,3090,985,396,320,761,530,82,2022-11-16-23-59
381,2569,832,411,323,401,505,81,2022-11-17-00-07
382,3100,982,410,322,755,532,82,2022-11-17-00-46
383,3121,986,409,324,761,542,82,2022-11-17-01-24
384,3079,972,410,324,757,514,83,2022-11-17-02-03
385,3025,954,409,324,699,540,80,2022-11-17-02-40
386,3097,990,409,324,729,543,83,2022-11-17-03-17
387,3047,992,409,324,679,543,83,2022-11-17-03-55
388,3050,983,408,324,725,513,82,2022-11-17-04-33
389,2467,810,407,325,371,458,81,2022-11-17-05-09
390,3021,991,406,326,740,461,81,2022-11-17-05-47
391,2860,976,412,327,539,505,84,2022-11-17-06-24
392,2841,940,411,327,527,534,84,2022-11-17-06-34
393,3117,990,413,326,754,534,82,2022-11-17-06-44
394,2511,760,414,325,385,528,81,2022-11-17-06-51
395,3047,976,420,325,735,496,78,2022-11-17-07-02
396,2853,843,628,298,596,398,75,2022-11-17-07-29
397,2804,718,935,311,508,250,69,2022-11-17-07-43
398,2865,682,1131,338,453,180,66,2022-11-17-07-58
399,2788,535,1358,339,383,104,58,2022-11-17-08-09
400,2788,408,1503,366,352,100,50,2022-11-17-08-21
401,2686,367,1442,382,363,76,47,2022-11-17-08-35
402,2912,335,1726,359,339,92,51,2022-11-17-08-49
403,2930,286,1798,400,288,101,47,2022-11-17-09-10
404,2916,316,1844,386,261,56,45,2022-11-17-09-25
405,2699,304,1724,340,241,33,43,2022-11-17-09-37
406,2836,270,1923,294,251,41,42,2022-11-17-09-49
407,2750,279,1818,312,240,46,43,2022-11-17-10-02
408,2670,304,1704,328,246,53,24,2022-11-17-10-16
409,2761,392,1592,364,284,85,28,2022-11-17-10-28
410,2842,403,1577,371,305,138,29,2022-11-17-10-38
411,2937,437,1590,372,333,158,28,2022-11-17-10-48
412,2949,445,1531,370,346,207,31,2022-11-17-11-02
413,2823,453,1353,346,342,271,39,2022-11-17-11-10
414,3038,493,1399,301,391,389,46,2022-11-17-11-33
415,2899,666,998,263,444,463,45,2022-11-17-11-46
416,2881,806,876,298,416,421,43,2022-11-17-11-58
417,3017,851,772,315,500,508,49,2022-11-17-12-11
418,3017,868,722,374,505,467,58,2022-11-17-12-28
419,2960,846,708,378,494,427,83,2022-11-17-12-38
420,2895,797,705,411,450,423,87,2022-11-17-12-51
421,2828,755,740,420,474,335,85,2022-11-17-13-03
422,2796,630,954,481,411,214,86,2022-11-17-13-16
423,2681,477,1190,541,340,42,75,2022-11-17-13-29
424,2798,435,1355,563,330,40,59,2022-11-17-13-40
425,2876,419,1447,559,340,37,65,2022-11-17-13-51
426,2866,427,1454,533,335,39,69,2022-11-17-14-02
427,2861,404,1475,528,336,64,46,2022-11-17-14-13
428,2833,380,1500,527,340,35,43,2022-11-17-14-24
429,2893,350,1544,559,352,30,49,2022-11-17-14-36
430,2859,364,1519,538,330,49,52,2022-11-17-14-48
431,2848,353,1513,544,330,53,48,2022-11-17-15-02
432,2775,312,1515,460,312,120,49,2022-11-17-15-15
433,2666,314,1448,427,293,125,52,2022-11-17-15-25
434,2764,341,1475,424,283,182,53,2022-11-17-15-35
435,2724,347,1413,398,302,206,52,2022-11-17-15-46
436,2899,384,1421,405,330,291,61,2022-11-17-16-07
437,2864,450,1361,356,325,298,65,2022-11-17-16-21
438,2783,472,1239,324,363,307,70,2022-11-17-16-34
439,2817,560,1027,369,403,378,71,2022-11-17-16-52
440,2652,636,781,300,426,409,91,2022-11-17-17-02
441,2560,696,697,305,391,368,95,2022-11-17-17-14
442,2674,726,619,290,488,422,112,2022-11-17-17-28
443,2627,673,627,345,461,400,107,2022-11-17-17-41
444,2573,644,661,353,442,360,102,2022-11-17-17-55
445,2499,558,760,418,373,264,118,2022-11-17-18-09
446,2497,398,989,509,273,197,124,2022-11-17-18-22
447,2579,401,1120,551,186,187,126,2022-11-17-18-37
448,2515,414,1122,541,165,146,120,2022-11-17-18-48
449,2584,425,1149,576,167,139,120,2022-11-17-18-58
450,2577,435,1126,603,155,123,127,2022-11-17-19-08
451,2504,466,1005,614,163,121,128,2022-11-17-19-16
452,2616,487,1053,628,170,138,132,2022-11-17-19-26
453,2621,514,1032,619,181,126,141,2022-11-17-19-35
454,2665,537,1024,607,180,167,142,2022-11-17-19-46
455,2703,569,1003,604,188,192,139,2022-11-17-19-56
456,2716,608,958,574,236,193,139,2022-11-17-20-07
457,2700,622,891,570,247,222,138,2022-11-17-20-15
458,2687,659,794,555,270,261,139,2022-11-17-20-25
459,2614,733,673,525,266,270,138,2022-11-17-20-34
460,2723,767,636,478,356,327,144,2022-11-17-20-47
461,2659,850,465,423,399,357,149,2022-11-17-20-57
462,2618,870,451,403,396,337,144,2022-11-17-21-07
463,2757,928,390,383,475,427,138,2022-11-17-21-27
464,2760,929,356,377,479,461,141,2022-11-17-21-37
465,2308,802,306,367,276,402,136,2022-11-17-21-45
466,2657,977,287,324,458,457,134,2022-11-17-21-54
467,2735,954,283,317,536,491,133,2022-11-17-22-05
468,2382,955,265,316,237,450,138,2022-11-17-22-14
469,2688,961,240,318,511,498,139,2022-11-17-22-24
470,2441,915,227,324,302,512,141,2022-11-17-22-32
471,2761,985,226,314,553,520,139,2022-11-17-22-44
472,2645,962,198,314,547,455,144,2022-11-17-22-57
473,2396,896,197,318,302,512,147,2022-11-17-23-06
474,2786,1004,194,318,519,579,147,2022-11-17-23-19
475,2649,977,187,316,425,570,148,2022-11-17-23-28
476,2783,1006,187,320,541,552,148,2022-11-17-23-40
477,2566,985,184,320,344,554,150,2022-11-17-23-49
478,2650,1005,182,321,423,543,148,2022-11-18-00-00
479,2800,1020,176,320,517,592,147,2022-11-18-00-38
480,2700,1009,173,322,551,472,144,2022-11-18-01-16
481,2534,945,176,322,340,584,143,2022-11-18-01-52
482,2664,988,182,321,428,566,148,2022-11-18-02-34
483,2804,1005,182,321,526,591,146,2022-11-18-03-16
484,2512,992,179,324,397,446,144,2022-11-18-03-53
485,2847,1014,177,324,566,596,144,2022-11-18-04-32
486,2691,1024,174,324,550,447,147,2022-11-18-05-10
487,2835,1024,172,322,548,593,148,2022-11-18-05-49
488,2558,974,173,322,325,584,147,2022-11-18-06-26
489,2554,985,174,314,458,442,148,2022-11-18-06-35
490,2785,1004,177,317,567,542,147,2022-11-18-06-46
491,2812,1010,181,320,567,559,143,2022-11-18-06-58
492,2577,1023,184,329,323,549,137,2022-11-18-07-08
493,2768,1018,187,338,534,522,137,2022-11-18-07-21
494,2658,997,206,375,493,430,125,2022-11-18-07-32
495,2404,936,253,406,289,369,118,2022-11-18-07-42
496,2567,855,458,433,462,227,100,2022-11-18-08-01
497,2465,706,699,516,333,97,81,2022-11-18-08-12
498,2528,628,850,508,353,84,71,2022-11-18-08-25
499,2475,615,877,473,352,55,70,2022-11-18-08-35
500,2605,545,1080,484,334,64,67,2022-11-18-08-47
501,2668,480,1169,529,321,79,57,2022-11-18-09-01
502,2589,483,1094,528,319,77,58,2022-11-18-09-12
503,2683,453,1230,541,293,85,52,2022-11-18-09-23
504,2750,453,1282,545,300,103,46,2022-11-18-09-37
505,2661,431,1268,526,275,96,48,2022-11-18-09-50
506,2622,406,1289,533,253,81,51,2022-11-18-10-01
507,2545,403,1220,539,253,68,54,2022-11-18-10-11
508,2684,449,1316,541,249,63,57,2022-11-18-10-23
509,2721,476,1302,555,251,72,56,2022-11-18-10-34
510,2751,482,1295,568,251,87,60,2022-11-18-10-46
511,2791,494,1252,566,277,128,65,2022-11-18-10-58
512,2754,507,1216,532,276,141,72,2022-11-18-11-08
513,2713,552,1098,470,272,234,76,2022-11-18-11-22
514,2599,717,730,452,314,303,72,2022-11-18-11-35
515,2695,818,628,441,358,366,73,2022-11-18-11-46
516,2713,866,598,390,387,383,76,2022-11-18-11-57
517,2718,857,573,382,404,404,85,2022-11-18-12-09
518,2720,874,535,385,417,408,88,2022-11-18-12-18
519,2791,876,527,386,439,459,91,2022-11-18-12-30
520,2817,880,521,418,431,456,98,2022-11-18-12-43
521,2665,820,546,462,342,385,95,2022-11-18-12-53
522,2593,767,586,497,336,300,93,2022-11-18-13-04
523,2484,640,753,504,312,172,90,2022-11-18-13-17
524,2452,490,1031,555,250,38,80,2022-11-18-13-27
525,2518,431,1210,554,206,29,80,2022-11-18-13-37
526,2593,400,1298,557,209,38,82,2022-11-18-13-47
527,2593,381,1379,550,184,35,55,2022-11-18-14-10
528,2398,403,1176,540,184,32,54,2022-11-18-14-18
529,2475,414,1221,570,174,32,55,2022-11-18-14-27
530,2455,400,1237,552,151,49,57,2022-11-18-14-36
531,2375,392,1181,535,146,52,61,2022-11-18-14-45
532,2596,405,1400,505,158,57,63,2022-11-18-14-57
533,2405,382,1254,483,157,54,67,2022-11-18-15-07
534,2486,595,676,244,360,475,123,2022-11-18-17-30
535,2386,621,532,260,392,427,147,2022-11-18-17-50
536,2471,640,544,269,401,460,150,2022-11-18-18-07
537,2251,526,590,318,299,346,163,2022-11-18-18-16
538,2304,525,644,360,270,328,168,2022-11-18-18-26
539,2313,533,656,378,262,308,169,2022-11-18-18-34
540,2359,528,684,394,283,289,174,2022-11-18-18-43
541,2332,523,680,414,259,280,168,2022-11-18-18-52
542,2356,513,692,444,240,289,171,2022-11-18-19-00
543,2397,548,687,437,244,304,169,2022-11-18-19-11
544,2335,556,605,434,258,308,167,2022-11-18-19-21
545,2356,546,634,428,261,304,169,2022-11-18-19-29
546,2434,559,671,415,272,327,173,2022-11-18-19-38
547,2459,571,640,434,292,328,175,2022-11-18-19-48
548,2383,550,640,408,302,300,165,2022-11-18-19-57
549,2365,598,482,415,318,361,173,2022-11-18-20-11
550,2368,669,483,388,318,319,174,2022-11-18-20-21
551,2400,685,455,380,358,328,175,2022-11-18-20-31
552,2353,683,438,372,315,350,178,2022-11-18-20-39
553,2519,732,426,376,393,394,180,2022-11-18-20-51
554,2588,764,404,372,394,453,184,2022-11-18-21-00
555,2508,737,397,378,341,455,183,2022-11-18-21-08
556,2628,786,371,378,439,458,178,2022-11-18-21-20
557,2627,806,326,389,438,469,180,2022-11-18-21-30
558,2572,809,303,396,357,509,180,2022-11-18-21-39
559,2614,819,270,399,419,504,184,2022-11-18-21-49
560,2700,827,261,396,458,555,179,2022-11-18-22-00
561,2442,846,204,376,251,572,169,2022-11-18-22-18
562,2583,853,196,365,376,599,170,2022-11-18-22-27
563,2675,861,194,371,478,573,173,2022-11-18-22-38
564,2308,799,191,360,284,487,162,2022-11-18-22-46
565,2634,877,175,361,476,557,162,2022-11-18-22-56
566,2638,882,195,367,379,630,159,2022-11-18-23-04
567,2517,874,192,372,356,538,159,2022-11-18-23-13
568,2442,877,190,369,218,603,158,2022-11-18-23-21
569,2734,885,186,373,466,640,157,2022-11-18-23-30
570,2626,669,798,556,339,141,117,2022-11-19-10-56
571,2624,686,781,546,350,136,119,2022-11-19-11-05
572,2607,683,742,544,360,150,120,2022-11-19-11-15
573,2629,682,744,515,379,177,124,2022-11-19-11-26
574,2640,676,741,515,384,182,134,2022-11-19-11-38
575,2608,723,694,494,338,214,137,2022-11-19-11-49
576,2693,735,688,470,430,224,139,2022-11-19-12-00
577,2668,732,684,437,400,258,148,2022-11-19-12-11
578,2689,738,658,443,442,243,155,2022-11-19-12-22
579,2690,718,676,456,441,239,152,2022-11-19-12-31
580,2669,681,716,447,431,233,153,2022-11-19-12-40
581,2673,665,732,451,429,235,153,2022-11-19-12-48
582,2677,656,748,450,451,213,152,2022-11-19-12-57
583,2714,658,757,462,471,201,159,2022-11-19-13-06
584,2689,659,757,472,441,197,157,2022-11-19-13-15
585,2664,622,764,479,443,193,156,2022-11-19-13-24
586,2610,608,777,482,403,179,155,2022-11-19-13-33
587,2561,559,859,481,354,146,156,2022-11-19-13-47
588,2526,534,874,486,334,133,159,2022-11-19-13-55
589,2535,523,914,490,327,120,154,2022-11-19-14-03
590,2493,507,911,482,313,119,155,2022-11-19-14-11
591,2514,489,941,489,315,117,157,2022-11-19-14-20
592,2535,494,959,493,319,106,159,2022-11-19-14-28
593,2488,470,946,500,322,106,139,2022-11-19-14-37
594,2543,477,989,507,313,116,136,2022-11-19-14-47
595,2518,468,995,496,303,115,136,2022-11-19-14-56
596,2518,469,989,496,307,111,141,2022-11-19-15-06
597,2492,474,953,506,309,102,143,2022-11-19-15-15
598,2534,488,950,526,311,111,142,2022-11-19-15-24
599,2492,488,923,509,314,110,143,2022-11-19-15-33
600,2460,491,887,524,282,127,144,2022-11-19-15-43
601,2453,488,870,515,288,136,149,2022-11-19-15-50
602,2525,518,866,508,302,166,154,2022-11-19-16-04
603,2497,516,838,482,321,174,153,2022-11-19-16-13
604,2498,504,831,476,346,173,155,2022-11-19-16-22
605,2477,525,815,451,352,183,143,2022-11-19-16-30
606,2551,534,806,484,366,217,135,2022-11-19-16-40
607,2643,564,791,482,413,249,137,2022-11-19-17-02
608,2640,546,777,444,423,302,141,2022-11-19-17-12
609,2636,572,723,414,444,326,151,2022-11-19-17-28
610,2555,545,722,354,437,327,164,2022-11-19-17-37
611,2555,554,718,334,456,318,170,2022-11-19-17-48
612,2530,519,709,348,457,317,175,2022-11-19-17-56
613,2440,498,695,355,415,291,180,2022-11-19-18-08
614,2478,483,705,373,465,266,179,2022-11-19-18-18
615,2524,505,749,383,429,254,198,2022-11-19-18-27
616,2575,541,758,398,424,267,180,2022-11-19-18-35
617,2613,553,772,399,438,270,174,2022-11-19-18-43
618,2597,553,771,408,420,260,178,2022-11-19-18-52
619,2605,552,793,423,402,253,173,2022-11-19-19-01
620,2630,549,794,437,406,259,177,2022-11-19-19-09
621,2561,535,773,425,385,258,176,2022-11-19-19-16
622,2603,544,789,423,399,262,177,2022-11-19-19-25
623,2642,527,809,436,420,261,180,2022-11-19-19-36
624,2622,501,780,432,447,278,175,2022-11-19-19-45
625,2598,552,780,437,460,184,175,2022-11-19-19-56
626,2602,474,768,439,460,272,178,2022-11-19-20-06
627,2685,577,728,429,485,279,178,2022-11-19-20-16
628,2586,491,684,435,512,276,154,2022-11-19-20-34
629,2623,581,642,440,500,276,151,2022-11-19-20-45
630,2517,570,607,430,437,288,152,2022-11-19-20-55
631,2706,618,600,447,563,326,144,2022-11-19-21-04
632,2699,618,596,440,552,343,141,2022-11-19-21-15
633,2753,632,570,440,603,358,140,2022-11-19-21-25
634,2685,591,552,419,595,380,137,2022-11-19-21-34
635,2343,365,530,409,498,390,140,2022-11-19-21-43
636,2722,572,540,400,661,396,142,2022-11-19-21-54
637,2391,296,532,391,599,421,141,2022-11-19-22-04
638,2542,583,508,382,532,386,140,2022-11-19-22-14
639,2694,583,498,391,627,447,138,2022-11-19-22-25
640,2726,608,483,383,632,475,136,2022-11-19-22-35
641,2715,609,465,377,665,451,139,2022-11-19-22-45
642,2468,632,442,382,597,267,138,2022-11-19-22-53
643,2641,628,447,385,591,438,141,2022-11-19-23-03
644,2448,651,444,380,487,339,137,2022-11-19-23-11
645,2763,667,442,372,643,490,139,2022-11-19-23-21
646,2766,672,438,381,628,499,138,2022-11-19-23-30
647,2687,667,435,380,635,419,140,2022-11-19-23-44
